company_name,company_number,company_status,company_type,dissolution_date,incorporation_date,nature_of_business,registered_office_address
GO3 SL LTD,13824341,Active,Private limited company,,01/01/2022,62020 62090,9 King Cross Street Halifax HX1 2DG
COLQUITT CONSULTANCY LIMITED,13824402,Active,Private limited company,,01/01/2022,70221,212 Greenmount Lane Bolton BL1 5HZ
ANDREW JAMES DERMATOLOGY LIMITED,13824401,Active,Private limited company,,01/01/2022,86900,43 Merstow Green Evesham WR11 4BB
CARECOMPLETE LIMITED,13824411,Active,Private limited company,,01/01/2022,87200,4 Victoria Road Bamford Hope Valley S33 0BS
ACCOUNTANCY EVER AFTER LTD,13824410,Active,Private limited company,,01/01/2022,69201,Yonder Bungalow Chester Road Delamere Northwich CW8 2HS
GREEN HOMEWARE LIMITED,13824422,Active,Private limited company,,01/01/2022,47599,794 Greenford Road Greenford UB6 8QP
THE SPEAK EASY PROJECT LTD,13824437,Active,Private limited company,,01/01/2022,85590,12 Grosvenor Road Wavertree Liverpool L15 0HA
AE ELECTRICAL (SOUTH) LTD,13824436,Active,Private limited company,,01/01/2022,43210,20 Beverston Road Portsmouth PO6 4LA
POLLY RHODES LIMITED,13824438,Active,Private limited company,,01/01/2022,99999,Metro House 57 Pepper Road Leeds LS10 2RU
DIO ELECTRICS LTD,13824458,Active,Private limited company,,01/01/2022,43210,19 Great Threads Staplehurst Tonbridge TN12 0FJ
HAIRSPRAY SALON LIMITED,13824462,Active,Private limited company,,01/01/2022,96020,83a Shropshire Street Market Drayton TF9 3DQ
CHANGING TIDES THERAPY SERVICES LIMITED,13824464,Active,Private limited company,,01/01/2022,94120,3 Harts Road Haddenham Aylesbury HP17 8HJ
THE EMPIRE RETAIL & DISTRIBUTION LTD,13824461,Active,Private limited company,,01/01/2022,47190 47240 47290,11 Littleton Road Ashford TW15 1UP
THE DEVON HOUSE LTD,13824478,Active,Private limited company,,01/01/2022,47190 68310,The Firs Fairview Road Dartmouth TQ6 9EN
YORKSHIRE AUTO CAR LIMITED,13824486,Active,Private limited company,,01/01/2022,45112,18 Richmond Road Rotherham S61 2LF
PARADIGM HOMES LTD,13824485,Active,Private limited company,,01/01/2022,68100 68201 68209,5 Warren End Mawsley Kettering NN14 1GG
LITTLE KAMPALA U.K. LTD,13824510,Active,Private limited company,,01/01/2022,47110 47290,41 High Town Road Luton LU2 0BW
PET PRODUCT PLANET LTD,13824512,Active,Private limited company,,01/01/2022,47650,9 Shipwrights Drive Benfleet SS7 1SE
XPLORE ANALYTICS LTD,13824529,Active,Private limited company,,01/01/2022,63110,31 Dairyhouse Road Derby DE23 8HN
CRAVEN CAPITAL GROUP LIMITED,13824528,Active,Private limited company,,01/01/2022,70229,Garden Cottage Rooksmead Road Sunbury-On-Thames TW16 6PD
ACCESS SUPPORT 24 LIMITED,13824534,Active,Private limited company,,01/01/2022,87900,3 Nelson Court Weston-Super-Mare BS22 9QF
REXMART ACCOUNTANCY SERVICES LIMITED,13824560,Active,Private limited company,,01/01/2022,69202,68 Heathfield Gardens Croydon CR0 1EN
BLUEBAY DESIGNS LTD,13824558,Active,Private limited company,,01/01/2022,74100,20 Bolton Road London E15 4JY
INSPIRED MARKETING & MEDIA LTD,13824574,Active,Private limited company,,01/01/2022,73110,"63-66 Hatton Garden Fifth Floor, Suite 23 London EC1N 8LE"
INFLUENCE SERVICES LTD,13824576,Active,Private limited by guarantee without share capital,,01/01/2022,62020,57 The Weind Weston-Super-Mare BS22 9BW
XAUMANSACHS LIMITED,13824603,Active,Private limited company,,01/01/2022,66110 70221 92000,56 Sunnydale Road London SE12 8JN
CARDIOXPLORE LTD,13824601,Active,Private limited company,,01/01/2022,86900,38 Irthlingborough Road North Wellingborough NN8 1TE
NOLO BREWERY LTD,13824617,Active,Private limited company,,01/01/2022,11050,Apartment 7 177 Abbeville Road London SW4 9BH
ENGEE PROPERTIES LIMITED,13824620,Active,Private limited company,,01/01/2022,68100 68201 68209 68320,52 Queensway Cranleigh GU6 7JJ
HR SOLUTIONS 4 SME'S LIMITED,13824616,Active,Private limited company,,01/01/2022,78300,22 Deverills Way Slough SL3 8WN
SATELLITE LABS LTD,13824615,Active,Private limited company,,01/01/2022,62020 70210,614 Watford Way London NW7 3JH
MINICAB 22 LTD,13824632,Active,Private limited company,,01/01/2022,49390,173 Booth Road London NW9 5JX
R00T SYSTEMS STUDIO LTD,13824629,Active,Private limited company,,01/01/2022,70229 73110 74100,162a Lower Clapton Road London E5 0QJ
CREATE PERFECT PROFILES LIMITED,13824657,Active,Private limited company,,02/01/2022,63120,67 Ferry Road West Scunthorpe DN15 8UG
VEMPATI ELECTRICAL WORKS LIMITED,13824655,Active,Private limited company,,02/01/2022,43210,56 Dene Avenue Hounslow TW3 3AH
COCONICZYS COOKOUT LTD,13824656,Active,Private limited company,,02/01/2022,47110 56101 56103 56210,23 Pennack Road London SE15 6DD
THE WATCH BUILDER LTD,SC718707,Active,Private limited company,,02/01/2022,47190,60 Tiree Crescent Polmont Falkirk FK2 0XB
MADE TAYLOR'S WAY LIMITED,13824693,Active,Private limited company,,02/01/2022,31090,23 Lynden Avenue Shipley BD18 1HF
FRESHIE LTD,13824694,Active,Private limited company,,02/01/2022,47910,13 Arncliffe Road Leicester LE5 1HA
HOME OUTLET LIMITED,13824695,Active,Private limited company,,02/01/2022,99999,Crossways House Wellingborough Road Rushden NN10 6AY
AMZWEALTHCLUB LTD,13824703,Active,Private limited company,,02/01/2022,47190,111 North Road Manchester M11 4NE
CAVALIER SOUND LTD,13824701,Active,Private limited company,,02/01/2022,59111,Flat 15 Brecon House Gunwharf Quays Portsmouth PO1 3BP
LARICLEAN2022 LIMITED,13824699,Active,Private limited company,,02/01/2022,81210,3 Fellows Park Gardens Walsall WS2 9DT
RMD BENTLEY LIMITED,13824708,Active,Private limited company,,02/01/2022,87100,3 Mildred Avenue Watford WD18 7DY
ELH GROUP LTD,13824709,Active,Private limited company,,02/01/2022,47910,9 Wolsey Close Newton Aycliffe DL5 4AU
TASTE OF HOME ABROAD LIMITED,13824716,Active,Private limited company,,02/01/2022,56290,186 Simms Road London SE1 5QJ
LIMINAL MINDS LIMITED,13824715,Active,Private limited company,,02/01/2022,70229 72200,4 Addington Cottages Wendover Aylesbury HP22 6JR
TRANS.V LTD,13824732,Active,Private limited company,,02/01/2022,49410,21 Clonmell Road Flat 2 London N17 6JY
KIAHGIFTS LTD,13824434,Active,Private limited company,,01/01/2022,46499,27 Frankton Close Redditch B98 0HJ
DION ROTHMERE LIMITED,13824433,Active,Private limited company,,01/01/2022,99999,Metro House 57 Pepper Road Leeds LS10 2RU
TARA BROOKE LIMITED,13824423,Active,Private limited company,,01/01/2022,99999,Metro House 57 Pepper Road Leeds LS10 2RU
VERDE PROPERTY LTD,13824445,Active,Private limited company,,01/01/2022,68209 98000,38 Broomhill Avenue Waverley Rotherham S60 8DZ
CASTLE CLEANING LTD,13824447,Active,Private limited company,,01/01/2022,81210,Unit A 82 James Carter Road Mildenhall Industrial Estate Bury St. Edmunds IP28 7DE
FMAHMOOD HEALTHCARE LTD,13824450,Active,Private limited company,,01/01/2022,86900,55 Springfield Road Gatley Cheadle SK8 4PF
UNLIMITED STUDIOS LTD.,13824448,Active,Private limited company,,01/01/2022,62020,2 Old Quay Close Parkgate Neston CH64 6UA
BEHBAHANI LTD,13824465,Active,Private limited company,,01/01/2022,55100 68100 68209 82990,42 Roseland Way Birmingham B15 1HD
OMNIA INVESTMENT SERVICES LIMITED,13824466,Active,Private limited company,,01/01/2022,68209 70229,9 Girton Court Cheshunt Waltham Cross EN8 8UE
ARINTTRADE LIMITED,SC718697,Active,Private limited company,,01/01/2022,45112 45320,29 Alexander Drive Aberdeen AB24 2XE
TEYLU TRADING COMPANY LTD,13824467,Active,Private limited company,,01/01/2022,47789,6 Chi Tennyson Plen Tennyson Nansledan Newquay TR8 4GL
YANAYA LTD,SC718696,Active,Private limited company,,01/01/2022,62020,9 Lynnewood Place Dundee DD4 7HB
GIANNI CANETTI MEDIA LIMITED,13824493,Active,Private limited company,,01/01/2022,59112,111 New Union Street Coventry CV1 2NT
CHEVELURE BOUTIQUE LIMITED,13824494,Active,Private limited company,,01/01/2022,47910,Kemp House 152-160 City Road London EC1V 2NX
ROTHENBURG RECRUITMENT SERVICES LIMITED,13824508,Active,Private limited company,,01/01/2022,96090,8 Lydia Court Immingham DN40 2HF
JEN OFFSHORE LTD,SC718701,Active,Private limited company,,01/01/2022,43999,139 Hilton Road Cowdenbeath KY4 9AW
MAAHII LONDON LTD,13824522,Active,Private limited company,,01/01/2022,47910,54 Headstone Lane Harrow HA2 6HH
CRAVEN CAPITAL CONSULTING LIMITED,13824521,Active,Private limited company,,01/01/2022,70229,Garden Cottage Rooksmead Road Sunbury-On-Thames TW16 6PD
CAW HEATING SERVICES LTD,NI684692,Active,Private limited company,,01/01/2022,43220,48 Carnbeg Green Antrim BT41 4RF
GUMBI88 LIMITED,13824523,Active,Private limited company,,01/01/2022,45200,133 Prebendal Avenue Aylesbury HP21 8LB
SCAFFOLDBID LIMITED,13824546,Active,Private limited company,,01/01/2022,62012 71129,15b-15c Clermont Terrace Brighton BN1 6SH
MOORLAND SERVICES LTD,13824553,Active,Private limited company,,01/01/2022,96090,3 Charles Road Kingskerswell Newton Abbot TQ12 5JW
KAMZ BUILDERS LTD,13824555,Active,Private limited company,,01/01/2022,41100 41202 43220 98000,352 Green Lane Ilford IG3 9JS
BRILIAN LIMITED,13824570,Active,Private limited company,,01/01/2022,82990,Flat 8 Emerald House 1b Claremont Avenue New Malden KT3 6BH
SNM STORE LTD,13824572,Active,Private limited company,,01/01/2022,47990,2 Derwent Walk Oldham OL4 2DJ
TC EXCAVATIONS LTD,13824568,Active,Private limited company,,01/01/2022,43999,Stecking Farm West End Road Epworth Doncaster DN9 1LA
JLC ROOFING LTD,13824567,Active,Private limited by guarantee without share capital,,01/01/2022,43910,44 Cedar Grove Toxteth Liverpool L8 0SW
KMA ACCOUNTS LTD,13824586,Active,Private limited company,,01/01/2022,69201,29 Barker Way Thorpe End Norwich NR13 5EZ
STARLING RED LTD,13824589,Active,Private limited company,,01/01/2022,81100,Flat 39 Burrow House Stockwell Park Road London SW9 0UY
TRAVEL ART LIMITED,13824594,Active,Private limited company,,01/01/2022,79110,2 Phillimore Road Birmingham B8 1PR
AUTO TRANS LOGISITICA LTD,13824591,Active,Private limited company,,01/01/2022,49390 49410 52290,7a Mentmore Road High Wycombe HP12 4LU
INSIDE OUT CLEANING CONTRACTORS LTD,13824593,Active,Private limited company,,01/01/2022,81299,18 The Moorings Fareham PO16 0TF
SNKR VAULT LTD,13824611,Active,Private limited company,,01/01/2022,47910,3a Primrose Lane Helsby Frodsham WA6 0HF
SAT DRYLINING SPECIALISTS LTD,13824636,Active,Private limited company,,01/01/2022,43390,14 Lynn Close West End Southampton SO18 3LQ
PROVADO SERVICES LTD,13824663,Active,Private limited company,,02/01/2022,42220 61900,47 Cromwell Street Swansea SA1 6EY
YUVRAJ SANDHU TRANSPORT LTD,13824669,Active,Private limited company,,02/01/2022,49410,37 Gladys Road Smethwick B67 5AW
GCAX SOLUTIONS LTD,13824665,Active,Private limited company,,02/01/2022,49410,3 Caslake Close New Milton BH25 6PU
ASMT TRADING LTD,13824672,Active,Private limited company,,02/01/2022,47990,17 Perth Road High Wycombe HP13 6XX
DGTL TALENT LTD,13824673,Active,Private limited company,,02/01/2022,82990,2b-2c Southcote Road London N19 5BJ
TECHSTORE UK LTD,13824667,Active,Private limited company,,02/01/2022,47990,45 Stratford Road London E13 0NF
EMICO COMPLETE BUILDING SOLUTIONS LTD,13824690,Active,Private limited company,,02/01/2022,41202,23 Cornwall Avenue Peacehaven BN10 8PT
INSOLVENCY ASSIST LTD,13824689,Active,Private limited company,,02/01/2022,99999,C/O Forensix Fort Dunlop Fort Parkway Birmingham B24 9FE
FINESSE DETAILING LTD,13824685,Active,Private limited by guarantee without share capital,,02/01/2022,45200,226 Forest Road Coalville LE67 3SJ
LAJEWELLERYCOMPANY LTD,13824697,Active,Private limited company,,02/01/2022,46480,Flat 79 Hanworth House John Ruskin Street London SE5 0XL
ATALANTA SERVICES LTD,13824698,Active,Private limited company,,02/01/2022,49390,17 Heathfield Road Croydon CR0 1EY
FANCLUB LTD,13824724,Active,Private limited company,,02/01/2022,47630,130 Bloxham Road Banbury OX16 9LG
ADAMS & YOUNG FUNERAL DIRECTORS LTD,13824723,Active,Private limited company,,02/01/2022,96030,46 Severn Avenue Barry CF62 7PW
DAVIS EDUCATION LIMITED,13824734,Active,Private limited company,,02/01/2022,85510 85600,71 Hatch Road London SW16 4PW
AREWATHELABEL LTD,13824345,Active,Private limited company,,01/01/2022,47910,Flat 106 Missenden Inville Road London SE17 2HU
JM ROOFING SOLUTIONS LTD,13824350,Active,Private limited company,,01/01/2022,43910,27 Bishopton Close Shirley Solihull B90 4AH
DIGITAL COMPASS LIMITED,SC718691,Active,Private limited company,,01/01/2022,62020,Unit 1 18 Gardner's Crescent Edinburgh EH3 8DE
KITTY KRAMER LIMITED,13824356,Active,Private limited company,,01/01/2022,99999,Metro House 57 Pepper Road Leeds LS10 2RU
IZZY BUCK LIMITED,13824357,Active,Private limited company,,01/01/2022,99999,Metro House 57 Pepper Road Leeds LS10 2RU
COIN BASKET LIMITED,13824363,Active,Private limited company,,01/01/2022,47910,10 Springfield Road Coventry CV1 4GS
CONVENIENT CAPITAL LIMITED,13824364,Active,Private limited company,,01/01/2022,63990,50a Bridge Street Northampton NN1 1PA
DEEOGED LTD,13824365,Active,Private limited company,,01/01/2022,46110,7 Jenny Path Romford RM3 8BB
ROSIE FARRAR LIMITED,13824366,Active,Private limited company,,01/01/2022,99999,Metro House 57 Pepper Road Leeds LS10 2RU
ARMTECH GLOBAL SERVICES LIMITED,13824367,Active,Private limited company,,01/01/2022,82990,4 Cinnamon Grove Walnut Tree Milton Keynes MK7 7EL
TILLY SIMSON LIMITED,13824368,Active,Private limited company,,01/01/2022,99999,Metro House 57 Pepper Road Leeds LS10 2RU
NINA WILD LIMITED,13824370,Active,Private limited company,,01/01/2022,99999,Metro House 57 Pepper Road Leeds LS10 2RU
AFFIRMNATION LTD,13824378,Active,Private limited company,,01/01/2022,47910,21 Atha Crescent Leeds LS11 7DB
BRADLEY WOODS LIMITED,13824380,Active,Private limited company,,01/01/2022,99999,Metro House 57 Pepper Road Leeds LS10 2RU
DISTINCT HEALTHCARE RECRUITMENT SERVICES LIMITED,13824384,Active,Private limited company,,01/01/2022,87200,16 Vineyard Close London SE6 4PH
OLIVER DRAX LIMITED,13824385,Active,Private limited company,,01/01/2022,99999,Metro House 57 Pepper Road Leeds LS10 2RU
DEVIATION LTD,SC718692,Active,Private limited company,,01/01/2022,85590,40 Edison Street Hillington Park Glasgow G52 4JW
THE COSY POD COMPANY LTD,13824393,Active,Private limited company,,01/01/2022,77210,64 Liverpool Road South Burscough Ormskirk L40 7TA
IINEX PROPERTIES LTD,13824397,Active,Private limited company,,01/01/2022,98000,2-4 Millgate Stockport SK1 2LX
ZEUS PRIVATE LIMITED,13824394,Active,Private limited company,,01/01/2022,47910,9 Longham Close Manchester M11 3WA
PROTECCA LIMITED,13824406,Active,Private limited company,,01/01/2022,80100 81210,Flat 1 1 High Street Gloucester GL1 4SP
AN URBAN ROSE LTD,13824413,Active,Private limited company,,01/01/2022,47910,41 Brockenhurst Avenue Worcester Park KT4 7RQ
SPIRE REFURB AND REPAIRS LTD,13824417,Active,Private limited company,,01/01/2022,95210,65 Statham Avenue New Tupton Chesterfield S42 6YE
PLAY OVER THE RAINBOW LTD,13824418,Active,Private limited company,,01/01/2022,88910,427 Binley Road Binley Coventry CV3 2DF
AKYAPT LIMITED,13824426,Active,Private limited company,,01/01/2022,62020 85590,29 Pevensey Road Eastbourne BN21 3HR
GSSK PROPERTY LTD,13824428,Active,Private limited company,,01/01/2022,68100 68209,73 Central Avenue Hounslow TW3 2QW
ASN ENTERPRISES LIMITED,13824425,Active,Private limited company,,01/01/2022,69201,7 Lord Hill Gardens Ombersley Droitwich WR9 0FG
SAMINA ASLAM LTD,13824431,Active,Private limited company,,01/01/2022,56290,98 Betchworth Road Ilford IG3 9JH
CSMZISU LTD,13824442,Active,Private limited company,,01/01/2022,47910,49 Edinburgh Way Banbury OX16 0PA
ADPF ENTERPRISES LTD,13824473,Active,Private limited company,,01/01/2022,47910,110 Fullhurst Avenue Leicester LE3 1BJ
OCEAN TECHNOLOGY LTD,13824469,Active,Private limited company,,01/01/2022,62090,28 The Murreys Ashtead KT21 2LU
SACRED SUN LTD,13824474,Active,Private limited company,,01/01/2022,47910,96 Farndale Avenue London N13 5AL
BRASS MONKIEZ LIMITED,13824526,Active,Private limited company,,01/01/2022,79110,38 Hatch Road Pilgrims Hatch Brentwood CM15 9PX
ADELE & GIUSEPPE LTD,13824537,Active,Private limited company,,01/01/2022,56103,86-90 Paul Street London EC2A 4NE
JALIB SONS LTD,13824538,Active,Private limited company,,01/01/2022,47910,15 Craven Gardens Ilford IG6 1PG
KRISTOFFER JAMES GRIFFIN LTD,13824551,Active,Private limited company,,01/01/2022,99999,31 Grantham Crescent Ipswich IP2 9PD
LOTS OF LOVE ELLIE LTD,13824552,Active,Private limited company,,01/01/2022,47710 47770,7 Avon Road London E17 3RB
E-HUUB LIMITED,13824565,Active,Private limited company,,01/01/2022,47910,50 Ravenshill Road Birmingham B14 4HQ
A REHMAN CONSTRUCTION LTD,13824581,Active,Private limited company,,01/01/2022,41202,166 Norwood Road Southall UB2 4JS
PROFESSIONALS CLEANERS LIMITED,13824583,Active,Private limited company,,01/01/2022,81210 81221 81222 81229,81 Croyland Road London N9 7BE
BONUM IP LIMITED,13824584,Active,Private limited company,,01/01/2022,69109,34 Principal Rise Dringhouses York YO24 1UF
PROFESSIONAL HOUSE ATTENDED LIMITED,13824606,Active,Private limited company,,01/01/2022,81210,6 Malvern Terrace London N9 9PP
ASB ELECTRICAL SUPPLIES LTD,13824604,Active,Private limited company,,01/01/2022,46439,Unit D 440 Bradford Road Batley WF17 5LS
VIRYA CAPITAL LIMITED,13824609,Active,Private limited company,,01/01/2022,68100 68320 80100,Tilehurst London Road Widford Chelmsford CM2 8TF
THE MODERN BANANA PRODUCTION INDUSTRY LIMITED,13824626,Active,Private limited company,,01/01/2022,59200,47 Barretts Grove London N16 8AP
BTW CAPITAL LTD,13824625,Active,Private limited company,,01/01/2022,66120,11 Rosemary Lane Bristol BS5 6YF
INSTAGROCERS LIMITED,13824627,Active,Private limited company,,01/01/2022,56290,9 Rackham Drive Luton LU3 2AF
PROJECT(S) 016 LTD.,13824643,Active,Private limited company,,01/01/2022,32120 47710 47770,"21 City Island Way Harmony Building, Unit 16 London E14 0QE"
TALLYS ACCOUNTANCY LTD,13824642,Active,Private limited company,,01/01/2022,69201,27 Preston Road Romford RM3 7YU
B.B JOHN STUDIOS LTD,13824654,Active,Private limited company,,02/01/2022,82990,2 Windsor Road Enfield EN3 6RE
TREAT TIME PARTY & EVENTS LIMITED,13824674,Active,Private limited company,,02/01/2022,56210,72 Elm Park Avenue London N15 6UY
HONIG LTD,13824675,Active,Private limited company,,02/01/2022,64306,58 Leabourne Road London N16 6TA
AG STONE CONSULTANTS LIMITED,13824691,Active,Private limited company,,02/01/2022,43999,5 Harcourt Close Wheldrake York YO19 6AN
THE CANTERBURY FRUIT STALLS LIMITED,13824692,Active,Private limited company,,02/01/2022,47210,71 Middle Street Deal CT14 6HN
BUG AND BELLE LTD,13824722,Active,Private limited company,,02/01/2022,90030,Woodland Cottage St. Kenelms Pass Clent Stourbridge DY9 9PE
EARTH SALVAGE WASTE MANAGEMENT LTD,13824730,Active,Private limited company,,02/01/2022,38110,100 Alexander Close Stewartby Bedford MK43 9LT
DP PLUMBING & DRAINAGE LTD,13824738,Active,Private limited company,,02/01/2022,43220 96090,Flat 1 Bakery House 1c Lambton Road London SW20 0LW
RAWISH LIMITED,13824741,Active,Private limited company,,02/01/2022,10920,15 Grove Mead Liverpool L31 6AH
SAPPHIREINC AESTHETICS LTD,13824739,Active,Private limited company,,02/01/2022,96020,1 Addison Road Frimley Camberley GU16 9BJ
OLAFMYFRIENDS LTD,13824743,Active,Private limited company,,02/01/2022,70229,33 Springfield Road St. Leonards-On-Sea TN38 0TY
LJ ENTERPRISES LTD,13824742,Active,Private limited company,,02/01/2022,70229 86900,25 Rafborn Grove Huddersfield HD3 3UB
GILLHAM ELECTRICAL LTD,13824760,Active,Private limited company,,02/01/2022,43210,2 Dukes Close Farnham GU9 0DR
SK DEVELOPMENT SERVICES LIMITED,13824763,Active,Private limited company,,02/01/2022,41100,20-22 Wenlock Road London N1 7GU
SANA GROUP LTD,13824762,Active,Private limited company,,02/01/2022,82990,2 Turpin Court Tolpits Lane Watford WD18 6NP
ASHLEY'S MEADOW LTD,13824766,Active,Private limited company,,02/01/2022,55209,Hillcroft Springfields Drybrook GL17 9BW
THE SHOPPING MARKET LTD,13824770,Active,Private limited company,,02/01/2022,47190,1 Watford Road Cardiff CF24 1RY
FANICA CONSTRUACTION LTD,13824787,Active,Private limited company,,02/01/2022,43390,72 Rushgrove Avenue London NW9 6RB
ELITE FUTURE INVESTMENTS LIMITED,13824798,Active,Private limited company,,02/01/2022,68310,47 St. Michaels Road Woking GU21 5PZ
TENERE LTD,13824805,Active,Private limited company,,02/01/2022,64209,Fir Lodge Forest Road Warfield Bracknell RG42 6DB
MKC ENTITY & CO LTD,13824807,Active,Private limited company,,02/01/2022,70229,39 Hampton Drive Widnes WA8 5DA
CAIRO STORIES LIMITED,13824804,Active,Private limited company,,02/01/2022,59112,88 Derbyshire Lane Stretford Manchester M32 8DR
PRIORY FARM STUD HORSEBOXES LTD,13824815,Active,Private limited company,,02/01/2022,30990,4 High Street Hanging Heaton Batley WF17 6DX
FLICK'S BARN VINTAGE LTD,13824818,Active,Private limited company,,02/01/2022,47799,Golden Bell Cottage School Road Tilmanstone Deal CT14 0JJ
STUDD HOMES LTD,13824816,Active,Private limited company,,02/01/2022,68209,Flat 3 Chimneys Court 119 Ridgway London SW19 4RE
ITERO GAMING LTD,13824821,Active,Private limited company,,02/01/2022,58290,Brodeg Moylegrove Cardigan SA43 3BW
JUST SPUDS LTD,13824835,Active,Private limited company,,02/01/2022,56102 56103,33 Balmoral Drive High Lane Stockport SK6 8BN
TINKY'S HUT LTD,13824846,Active,Private limited company,,02/01/2022,68209,3 Tudor Rose Cottages Priory Lane Freefolk Whitchurch RG28 7QU
INTEK ROOFING LTD,SC718714,Active,Private limited company,,02/01/2022,43910,43 Iain Road Bearsden Glasgow G61 4PB
MARCU BUILDERS LIMITED,13824847,Active,Private limited company,,02/01/2022,41201 41202,1 6 Emperors Gate Flat 1 London SW7 4HH
GET PALLY LIMITED,13824866,Active,Private limited company,,02/01/2022,63120,22 Deans Drive Bexhill-On-Sea TN39 4DE
WALKER BROTHERS INVESTMENTS LIMITED,13824864,Active,Private limited company,,02/01/2022,64304,21 Clay Pit Way Barlborough Chesterfield S43 4WN
PERFECTWEBMETRIX LTD,13824869,Active,Private limited company,,02/01/2022,62012,60 Devonshire Street Keighley BD21 2BL
PRECISE SK SOLUTIONS LIMITED,13824868,Active,Private limited by guarantee without share capital,,02/01/2022,62020 63990 82990 93199,63 Leslie Road Nottingham NG7 6PQ
DDJK LIMITED,NI684698,Active,Private limited company,,02/01/2022,71122,143 Sperrin Park Londonderry BT47 6NQ
CRISTY@TIFFANY LIMITED,13824891,Active,Private limited company,,02/01/2022,86900,7 Brookside Conisbrough Doncaster DN12 2EE
GT DETAILING LTD,13824903,Active,Private limited company,,02/01/2022,45200 45400 81299,111 Kennett Drive Leyland PR25 3QW
H & K KNITWEAR LTD,13824907,Active,Private limited company,,02/01/2022,46420,345 Vicarage Farm Road Hounslow TW5 0DZ
CHELMSFORD SPORTS INJURY CLINIC LTD,13824921,Active,Private limited company,,02/01/2022,96040,6 Hornbeam Close Chelmsford CM2 9LW
KRAKEN WATCHMAKERS LTD,13824931,Active,Private limited company,,02/01/2022,47770 95250,55 The Boulevard Worthing BN13 1JZ
SPARKAMAN LTD,13824944,Active,Private limited company,,03/01/2022,43210,359 Yorkshire Street Rochdale OL16 2DT
BRAD'S GAS&HEATING LTD,13824941,Active,Private limited company,,02/01/2022,43220,12 Ryder Gardens Rainham RM13 7LS
MAYOR'S INVESTMENT LTD,13824955,Active,Private limited company,,03/01/2022,87200,15 Stanza Court Liverpool L5 5BH
ASKETT LTD,13824961,Active,Private limited company,,03/01/2022,49410,70 Waldegrave Road Teddington TW11 8NY
PHOEBE BASKETT DESIGN LTD,13824969,Active,Private limited company,,03/01/2022,74100,38 Avenue Approach Bury St. Edmunds IP32 6BA
DONT RUN LIMITED,13824973,Active,Private limited company,,03/01/2022,99999,Metro House 57 Pepper Road Leeds LS10 2RU
"METASEQUOIA OVERSEAS CONSULTING CO., LTD",13824974,Active,Private limited company,,03/01/2022,85600,"C/O Xiang And Co, Burrell House, 44 Broadway London E15 1XH"
INEFFABLE BEAUTY COSMETICS LTD,13825060,Active,Private limited company,,03/01/2022,47910,153a Kensington Liverpool L7 2RE
JX CRESSWELL LTD,13825063,Active,Private limited company,,03/01/2022,49410,3 Aylmer Tower Lefroy Road Norwich NR3 2NZ
YAKIMOV CONSTRUCTION LTD,13825061,Active,Private limited company,,03/01/2022,41202,1 Dollis Park London N3 1HJ
IO DYER LTD,13825062,Active,Private limited company,,03/01/2022,43390,Flat 8 Barnstaple Court Barnstaple Road Bristol BS4 1JF
SPLENDID SP PROPERTY LTD,13825084,Active,Private limited company,,03/01/2022,41100 41202 98000,23 Hunsdon Close Stantonbury Fields Milton Keynes MK14 6TB
ADAMEVESONLINE LTD,NI684702,Active,Private limited company,,03/01/2022,47421 47910,Woodlands Presbyterian Church 48 Burleigh Drive Carrickfergus BT38 8HW
WOLF & GOOSE LTD,13825093,Active,Private limited company,,03/01/2022,70229,10 Douglas Way Welwyn Garden City AL7 2LY
VERVE MARKETING LTD,13825096,Active,Private limited company,,03/01/2022,73110,765 Wandsworth Road Top Floor Flat London SW8 3JG
INSITE SURVEYS LIMITED,13825110,Active,Private limited company,,03/01/2022,41201 41202 42110 43999,49 Old Lime Gardens Birmingham B38 9SG
BALSA SURF LTD,13825109,Active,Private limited company,,03/01/2022,47640,12 Nicholls Avenue Porthcawl CF36 5LL
RUIZ GLOBAL COMMUNICATIONS LIMITED,13825107,Active,Private limited company,,03/01/2022,70210,11 Waverley Road Weybridge KT13 8UT
LUXURIES SECURITY LTD,13825120,Active,Private limited company,,03/01/2022,80100,86-90 Paul Street London EC2A 4NE
MAIS AF LTD,13825119,Active,Private limited company,,03/01/2022,47510 47722 47750 47910,81 Dartmouth Road London NW4 3HY
ASIF BROS LTD,13825141,Active,Private limited company,,03/01/2022,47990,22 Park Avenue Dewsbury WF13 2QH
C&H BUILDING LIMITED,13825140,Active,Private limited company,,03/01/2022,41202,Studio 210 134-146 Curtain Road London EC2A 3AR
GRAFT MUSIC LTD,13825139,Active,Private limited company,,03/01/2022,90030,4 Elmete Hill Leeds LS8 2NT
SAIFEC CONSULTANTS LTD,13825154,Active,Private limited company,,03/01/2022,62020 82990 85600,Unit B1 Thomas Street Stretford Manchester M32 0JT
CONSTRUCTION ENGINEERING SOLUTIONS LTD,13825157,Active,Private limited company,,03/01/2022,42990,46 Mill Lane Portslade Brighton BN41 2DE
M J LOCKSMITHS LTD,13825159,Active,Private limited company,,03/01/2022,80100,35 Gordon Way Heywood OL10 3LR
ANISA'S KITCHEN LTD,13825175,Active,Private limited company,,03/01/2022,56103,46 High Street Leatherhead KT22 8AJ
ZA CREATIONS LIMITED,SC718730,Active,Private limited company,,03/01/2022,47910,362 Victoria Road Glasgow G42 8YW
IINEX MEDIA LTD,13825173,Active,Private limited company,,03/01/2022,73120,2-4 Millgate Stockport SK1 2LX
R & C INVESTMENT PROPERTIES LIMITED,13825192,Active,Private limited company,,03/01/2022,68100 68209,16 Beecham Court Basildon SS15 5RB
JAB DRAIN SOLUTIONS LTD,13825193,Active,Private limited company,,03/01/2022,96090,41 Curzon Road Bournemouth BH1 4PW
CSP ESTATES LTD,13825208,Active,Private limited company,,03/01/2022,68209,49 Schonfeld Square London N16 0QQ
FARRELL LETTING LTD,13825223,Active,Private limited company,,03/01/2022,68209,"Flat 3, Byron House 2b Alexandra Grove London N4 2LG"
STAY SAFE GROUP LTD,13825222,Active,Private limited company,,03/01/2022,70229 80100,86-90 Paul Street London EC2A 4NE
NOETIC DESIGN LTD,13825221,Active,Private limited company,,03/01/2022,74100,171 Ombersley Road Worcester WR3 7BX
DL WASTE SERVICES LIMITED,13825225,Active,Private limited company,,03/01/2022,38110,19 Ranelagh Drive Edgware HA8 8HJ
ZOLTAN PARTS LTD,13825229,Active,Private limited company,,03/01/2022,45320,4 Ardsley Court Wakefield WF3 2LG
VARADY MOTORS LTD,13825231,Active,Private limited company,,03/01/2022,45320,4 Oakhurst Road Leeds LS11 7LF
HYSI CONSTRUCTION LTD,13825233,Active,Private limited company,,03/01/2022,43999,2 Southdown Crescent Harrow HA2 0QR
LUXE LOVE ARTISTRY LTD,13825240,Active,Private limited company,,03/01/2022,96020,58 Archibald Close Enfield EN3 6RL
GLAMOUR BEAUTY ARTIST LTD,13825239,Active,Private limited company,,03/01/2022,96020,32 Willow Road Aylesbury HP19 9PY
RIAZKHAN LIMITED,13825256,Active,Private limited company,,03/01/2022,62020,21 Meadfield Avenue Slough SL3 8HP
ENGAVIA LTD,13825279,Active,Private limited company,,03/01/2022,26200 62020 62090,78a Hendon Way London NW2 2NG
NEW SARA LTD,13825280,Active,Private limited company,,03/01/2022,47110,48 Green Curve Banstead SM7 1NY
BADULESCU TRANSPORT LIMITED,13825281,Active,Private limited company,,03/01/2022,52101,111 Churchill Avenue Coventry CV6 5JH
TOP JOB LTD,13825289,Active,Private limited company,,03/01/2022,41202,35 Harewood Terrace Southall UB2 4JN
P&P SOCIAL CARE LIMITED,13825293,Active,Private limited company,,03/01/2022,88100,4 Exmouth Close Coventry CV2 3LL
GRAVITEIGHT MARKETING LTD,13825294,Active,Private limited company,,03/01/2022,73110,3 Crossways Main Road Newbridge Yarmouth PO41 0YR
MANCHESTER BOOKKEEPING LTD,13825288,Active,Private limited company,,03/01/2022,69202,42 Broadfield Grove Stockport SK5 6XN
NATURAL FLOOD MANAGEMENT ASSOCIATES LIMITED,13825301,Active,Private limited company,,03/01/2022,02100 02400 74901,26 Meltham Close Stockport SK4 3BD
J. LOVE CONSULTANCY LTD,13825304,Active,Private limited company,,03/01/2022,70229,12 Haresfoot Close Funtington Chichester PO18 9LP
ZAVIAR CO LIMITED,13825308,Active,Private limited company,,03/01/2022,47990,84 Oxford Grove Bolton BL1 3AX
ASIF PARDESI LTD,13825302,Active,Private limited company,,03/01/2022,47990,186 Sale Lane Tyldesley Manchester M29 8PZ
BIKE FUTURES LTD,13825321,Active,Private limited company,,03/01/2022,85510,30 Westgate Otley LS21 3AS
METAFIRE LTD,13825337,Active,Private limited company,,03/01/2022,47290,7 Ridgeway Crescent Sunderland SR3 1YL
ONITA ONOFREI LTD,13825339,Active,Private limited company,,03/01/2022,49410,57 Mansfield Road Alfreton DE55 7JJ
LENA PARTNERS LTD,13825345,Active,Private limited company,,03/01/2022,64999,26 Ladbroke Gardens London W11 2PY
CAEN CONSTRUCTION LTD,13825348,Active,Private limited company,,03/01/2022,41201 41202,Unit 8 Upcott Avenue Pottington Business Park Barnstaple EX31 1HN
F.L.A.C PROPERTIES LIMITED,13825360,Active,Private limited company,,03/01/2022,68100 68209,32 Paignton Avenue Portsmouth PO3 6LL
QUIRKESSENTIALS LTD,SC718742,Active,Private limited company,,03/01/2022,46450,147 Dryburn Avenue Glasgow G52 2AL
L.C PROPERTY WORKS LIMITED,13825369,Active,Private limited company,,03/01/2022,68209,41 Whitehill Drive Halifax HX2 9DW
MANDO CAP LTD,SC718741,Active,Private limited company,,03/01/2022,66300,8 Mcvicars Lane Dundee DD1 4LH
NEXT GEN VALETS LTD,SC718745,Active,Private limited company,,03/01/2022,81299,Sekade Hatton Farm Road Hatton Peterhead AB42 0LL
FLYNN ASSET MANAGEMENT LTD,SC718744,Active,Private limited company,,03/01/2022,70221,16 Meldrum Street Clydebank G81 1AN
DREAMZ COME TRUE LTD,13824773,Active,Private limited company,,02/01/2022,56210,4 Ivy Crescent Leeds LS9 9BR
ONECLICKPRINTER LTD,13824774,Active,Private limited company,,02/01/2022,18129,43 Wyllen Close London E1 4HQ
GENEROUS TRAVEL AND TOURS LTD,13824779,Active,Private limited company,,02/01/2022,79110,17 Dutton Lane Eastleigh SO50 6AA
AQJ HOMES LIMITED,13824784,Active,Private limited company,,02/01/2022,68209,10 Exeter Road London E17 7QJ
THE IDLE BAKERY & CAFE LTD,13824783,Active,Private limited company,,02/01/2022,10710 10720 47240 56102,14 Bradford Road Idle Bradford BD10 9PP
POP PAWZ LTD,13824795,Active,Private limited company,,02/01/2022,74201 90030,30 Crown Road Billericay CM11 2AE
NFG INVESTMENTS LIMITED,13824808,Active,Private limited company,,02/01/2022,68100,11 Hall Square Boroughbridge York YO51 9AN
KLAUDY LIMITED,13824811,Active,Private limited company,,02/01/2022,47710,321-323 High Road Romford RM6 6AX
LONDON SOFTWORKS LIMITED,13824813,Active,Private limited company,,02/01/2022,62012 71122,23 Mount View Billericay CM11 1HB
SMITH AND FAMILY LTD,13824823,Active,Private limited company,,02/01/2022,47190,190 St. Chads Road Tilbury RM18 8NL
KF CLEANING SERVICES LTD,13824828,Active,Private limited company,,02/01/2022,81210 81222,Apartment 10 Bellinger House 3 Palk Road Havant PO9 1NL
VIANCA PHOTOGRAPHY LTD,13824834,Active,Private limited company,,02/01/2022,74202,4 Winterslow Road London SW9 7RS
THE JUNGLE CATS & PLANTS LTD,13824839,Active,Private limited company,,02/01/2022,47760,2 Lady Lane Hadleigh Ipswich IP7 6AF
REDCLIFFE CONSTRUCTION SERVICES LTD,13824844,Active,Private limited company,,02/01/2022,41100 41201 41202 43290,2 Beech Lane Earley Reading RG6 5PT
G&J PROPERTY SOLUTIONS LTD,13824852,Active,Private limited company,,02/01/2022,68209,688 Ripponden Road Oldham OL4 2LP
STRENGTH AND NUTRITION LIMITED,13824848,Active,Private limited company,,02/01/2022,86900,82 Poplar Avenue Hove BN3 8PS
COMMUNICATE NOW LTD,13824857,Active,Private limited company,,02/01/2022,74100,238 Blackbird Road Leicester LE4 0AG
GRACIE MAY NAILIST LIMITED,13824856,Active,Private limited company,,02/01/2022,96020,13 Rennie Walk Heybridge Maldon CM9 4QH
RSK BEAUTY LIMITED,13824860,Active,Private limited company,,02/01/2022,47750,Rear Of 1185 High Road Romford RM6 4AL
HEC INFRASTRUCTURE LIMITED,13824859,Active,Private limited company,,02/01/2022,42220 42990,54 Meadowsweet Close Haverhill CB9 9DN
AESTHETICS BY CHELS LIMITED,13824871,Active,Private limited company,,02/01/2022,96020,Sunnyside Market Lane Walpole St. Andrew Wisbech PE14 7LX
SKWEEEZ ACTIVEWEAR LTD,13824884,Active,Private limited company,,02/01/2022,47910,12 Constance Street London E16 2DQ
KOTHARI CAPITAL LTD,13824887,Active,Private limited company,,02/01/2022,64304 64306,5 Brookfield Road London N9 0DL
ENFANTS CHICS LTD,13824897,Active,Private limited company,,02/01/2022,47710,8 Avocet Way Waterlooville PO8 9YE
JW LIVE LIMITED,13824895,Active,Private limited company,,02/01/2022,46190 73110,205 Ariel House 144 Vaughan Way London E1W 2AG
SOPWITH WAY COMMUNICATIONS LIMITED,13824899,Active,Private limited company,,02/01/2022,70229,841 Sloane Avenue London SW3 3ES
COUNTRY PET SUPPLIES LTD,NI684699,Active,Private limited company,,02/01/2022,47760,20 Willowcroft Feeny Londonderry BT47 4GE
ELECTRIC AVENUE CHARGING LTD,13824934,Active,Private limited company,,02/01/2022,43210,39 Sargent Way Broadbridge Heath Horsham RH12 3TE
ROOTED APPAREL LIMITED,13824936,Active,Private limited company,,02/01/2022,47710,8 Dudmoor Farm Road Christchurch BH23 6AQ
WISE FLIGHTS LTD,13824946,Active,Private limited company,,03/01/2022,79110,22a Lynmouth Road London N16 6XL
DUDDENHOE END LTD,SC718719,Active,Private limited company,,03/01/2022,43390,8 Mains Place Bellshill ML4 2HH
EI WARNER LTD,SC718720,Active,Private limited company,,03/01/2022,43390,27 Clunie Road Dunfermline KY11 4EQ
GALGORM LTD,13824950,Active,Private limited company,,03/01/2022,49410,155 Pant Yr Heol Neath SA11 2HB
KQ SCOTT LTD,13824952,Active,Private limited company,,03/01/2022,43390,23 Easdale Road Leeds LS14 6QE
LH REHMAN LTD,13824953,Active,Private limited company,,03/01/2022,43390,238 Belle Green Lane Ince Wigan WN2 2EY
LUSCIOUS MADE BOUTIQUE LTD,13824954,Active,Private limited company,,03/01/2022,47910,59a Victoria Park Road London E9 7NA
HORRABRIDGE LTD,13824965,Active,Private limited company,,03/01/2022,82110,76 Pinemead Shefford SG17 5BY
24HR MAINTENANCE LTD,13824968,Active,Private limited company,,03/01/2022,43210 43220,2 Evington Drive Leicester LE5 5PB
KAJITSU STORE LIMITED,SC718724,Active,Private limited company,,03/01/2022,47910,0/1 4 Middlesex Gardens Glasgow G41 1EL
I.A. AESTHETICS UK LIMITED,13824979,Active,Private limited company,,03/01/2022,86220 96020,26 Old Farm Drive Codsall Wolverhampton WV8 1GF
ETERNAL SOFTWARE SOLUTIONS LTD,13824981,Active,Private limited company,,03/01/2022,62090,Apartment 14 Tinderbox House 2 Octavius Street London SE8 4BY
YQ EAT LTD,13825035,Active,Private limited company,,03/01/2022,56103,19 Hazel Close Rugby CV21 1UR
ONE INTENTION PRODUCTS LTD,13825022,Active,Private limited company,,03/01/2022,47910,12 Walpole Drive Worcester WR2 5SQ
CORETECH WARM ROOFS LTD,13825043,Active,Private limited company,,03/01/2022,43910,48 Hill Avenue Great Yarmouth NR31 6HP
TOKG LTD,13825015,Active,Private limited company,,03/01/2022,56102,89 King Street London W6 9HW
STEP UP DIGITAL LTD,13825008,Active,Private limited company,,03/01/2022,62020,33 Hopbine Avenue Bradford BD5 8ER
LACH ENTERPRISES LTD,NI684700,Active,Private limited company,,03/01/2022,47910,33 Coolagh Road Londonderry BT47 3EQ
DELTA SECURITY FIRST LTD,13825009,Active,Private limited company,,03/01/2022,80100,"Flat 24, Caversham House Caversham Road London N15 3QW"
NYAR’BUSIA BARGAINS LTD,13825026,Active,Private limited company,,03/01/2022,47910,12 Bunting Road Corby NN18 8RR
BLACK CAT POETRY PRESS LTD,13825020,Active,Private limited company,,03/01/2022,58190,1 Cross Street Maidstone ME14 2SL
ACCEPTICON LTD,13825000,Active,Private limited company,,03/01/2022,47910 82990,86-90 Paul Street London EC2A 4NE
A-ZAP ENRGY LTD,13825007,Active,Private limited company,,03/01/2022,47990,30 Barrie Road Sheffield S5 8RR
LNTJ HOLDINGS LTD,13824990,Active,Private limited company,,03/01/2022,64209,86-90 Paul Street London EC2A 4NE
BALLOON SHOP KENT LTD,13824994,Active,Private limited company,,03/01/2022,47650,14 Sycamore Drive Aylesford ME20 7LD
MISSION PLUS LIMITED,13825031,Active,Private limited company,,03/01/2022,70229,2 Holland Close Bromley BR2 7DS
C.P ENTERPR1SE LTD,13825017,Active,Private limited company,,03/01/2022,47910,42 Orchard Road Plymouth PL2 2QZ
ACE INFINITY LTD,13825010,Active,Private limited company,,03/01/2022,93290,86-90 Paul Street London EC2A 4NE
BRIGHTER CLUB LTD,13825044,Active,Private limited company,,03/01/2022,86900,86-90 Paul Street London EC2A 4NE
121 PROPERTY SOLUTIONS LIMITED,13825040,Active,Private limited company,,03/01/2022,68320,86-90 Paul Street London EC2A 4NE
DELVKO LTD,13825013,Active,Private limited company,,03/01/2022,47910,51 Bluebell Close Romford RM7 0XN
23HEATING LTD,13825025,Active,Private limited company,,03/01/2022,43220,86-90 Paul Street London EC2A 4NE
VANITY OFFICIAL LTD,13825027,Active,Private limited company,,03/01/2022,47710,57b Lidget Street Huddersfield HD3 3JP
J10XJJ LIMITED,13825011,Active,Private limited company,,03/01/2022,59112,86-90 Paul Street London EC2A 4NE
FRADLEY CARE LTD,13825014,Active,Private limited company,,03/01/2022,86900,15 Bramble Close Willenhall WV12 5AH
MOOVE IT LTD,13825049,Active,Private limited company,,03/01/2022,38110 49420,48 Boatmans Reach Birmingham B14 6QZ
BENSON HEALTH LTD,13825059,Active,Private limited company,,03/01/2022,70229,56 Corney Road London W4 2RA
FITCHLEA SERVICES LTD,13824996,Active,Private limited company,,03/01/2022,43999,86-90 Paul Street London EC2A 4NE
META INSIGHT CONSULTANCY LTD,13825006,Active,Private limited company,,03/01/2022,82990 96090,86-90 Paul Street London EC2A 4NE
CLGCCTVINSTALLATIONS LTD,13824999,Active,Private limited company,,03/01/2022,80200,11 Britannia Walk Market Harborough LE16 8BF
FROSTBLOOM STUDIOS LTD,13825051,Active,Private limited company,,03/01/2022,74100,8 Queens Street March PE15 8SN
TOP QUALITY FRUIT LTD,13825055,Active,Private limited company,,03/01/2022,47210,86-90 Paul Street London EC2A 4NE
MDOWNEY ELECTRICAL LTD,13825048,Active,Private limited company,,03/01/2022,43210,17 Chapel Court St. Vincents Road Torquay TQ1 4HQ
BALTA SERVICES LTD,13825065,Active,Private limited company,,03/01/2022,95240,61 Bank Street Stoke-On-Trent ST6 5HW
EAST ANGLIA INNS LIMITED,13825068,Active,Private limited company,,03/01/2022,56302,89 George Street Hadleigh Ipswich IP7 5BP
TRERMS LIMITED,13825069,Active,Private limited company,,03/01/2022,87200,Flat 4 Club Garden House 10 Club Garden Walk Sheffield S11 8BT
DUBAIZALAN LIMITED,13825072,Active,Private limited company,,03/01/2022,43341,80 Ford Green Road Stoke-On-Trent ST6 1NX
BIG GAMES SHOP LTD,13825078,Active,Private limited company,,03/01/2022,47650,83 Highbank Haywards Heath RH16 4TT
TSM PROINVEST LTD,13825081,Active,Private limited company,,03/01/2022,68100 68209 68320,33 Greenways Beckenham BR3 3NQ
LJ MEDICAL LTD,13825088,Active,Private limited company,,03/01/2022,86210,4 Page Place Frogmore St. Albans AL2 2FB
ERB PROPERTY MANAGEMENT LTD,13825087,Active,Private limited company,,03/01/2022,98000,29 Methuen Close Edgware HA8 6HA
FLATTOUT TOWBARS & TRANSPORT LTD,13825085,Active,Private limited company,,03/01/2022,45200,79 Brook Street Lye Stourbridge DY9 8SN
MFKZ SHEIKH LTD,13825091,Active,Private limited company,,03/01/2022,46740 68310 79110,Flat 9 Chenille Court 40 Hackbridge Road Wallington SM6 7BF
CHASEWATERDOGS SHOP2 LIMITED,13825092,Active,Private limited company,,03/01/2022,47760,172 Belt Road Hednesford Cannock WS12 4JA
CLARENDON PLACE SERVICES LTD,13825103,Active,Private limited company,,03/01/2022,68209 98000,138a Hempstead Road Watford WD17 4LG
ISTVAN CLEAN LIMITED,13825099,Active,Private limited company,,03/01/2022,81210,10 Cranmer Street Leicester LE3 0QA
PRIVATEHIREDRIVERS LTD,13825115,Active,Private limited company,,03/01/2022,49320,4 Colston Road London SW14 7PQ
FULL CAPTURE LTD,13825112,Active,Private limited company,,03/01/2022,59112 74202,33 Farmer Ward Road Kenilworth CV8 2DJ
YOGI INC. LIMITED,SC718728,Active,Private limited company,,03/01/2022,71129,79 Greenfern Road Aberdeen AB16 6TP
FASHION CONCIERGE LONDON LTD,13825122,Active,Private limited company,,03/01/2022,46160,7a Porchester Terrace London W2 3TH
THE ESSENTIALS OUTLET LTD,13825121,Active,Private limited company,,03/01/2022,47190,86-90 Paul Street London EC2A 4NE
H&X CONSTRUCTIONS LIMITED,13825144,Active,Private limited company,,03/01/2022,41201,53 Henniker Gardens London E6 3JQ
GET AHEAD LIMITED,13825163,Active,Private limited company,,03/01/2022,46900,16 Orchard Road Dagenham RM10 9PX
LINES SECURITY LTD,13825164,Active,Private limited company,,03/01/2022,80200,3 Woodlands Combe Martin Ilfracombe EX34 0AT
SPECTRA INC LIMITED,13825186,Active,Private limited company,,03/01/2022,45320,63 Taunton Avenue Hounslow TW3 4AG
TREAT MARKETING LTD,13825181,Active,Private limited company,,03/01/2022,73110,Unit 7 Beacon Quay Torquay TQ1 2BG
B.AUREL BUILDERS LTD,13825195,Active,Private limited company,,03/01/2022,43290,33 Beauchamp Road London E7 9PD
MELODY HOUSING LTD,13825206,Active,Private limited company,,03/01/2022,55900 68209,3 Grasmere Close Birmingham B43 5NY
FREEBIRD TRANS CO LIMITED,13825204,Active,Private limited company,,03/01/2022,43341,32 Catherine Grove London SE10 8BS
LEVEL UP RECRUIT LIMITED,13825207,Active,Private limited company,,03/01/2022,78109,26 Little Park Drive Feltham TW13 5HZ
VUMA CARE SERVICES LTD,13825214,Active,Private limited company,,03/01/2022,84120,168 Bracken Road Sheffield S5 6FJ
ADHD INVEST LIMITED,13825217,Active,Private limited company,,03/01/2022,86900,229 London Road Grays RM17 5YS
KINETIC POPCORN LTD,13825237,Active,Private limited company,,03/01/2022,59112,3 Drummer Stagpole Mews London NW7 1NN
ACADEMI ONLINE LTD,13825236,Active,Private limited company,,03/01/2022,85200 85600,167-169 Great Portland Street 5th Floor London W1W 5PF
RSN BHAYAT LTD,13825245,Active,Private limited company,,03/01/2022,68100,4 Eagle Street Coventry CV1 4GY
COF LIMITED,13825241,Active,Private limited company,,03/01/2022,86900,49 Booth Park Northampton NN3 6HS
NAT CREATIVE LTD,SC718733,Active,Private limited company,,03/01/2022,90030,20d Urquhart Road Aberdeen AB24 5LL
JAKABOVICS STAR LIMITED,13825257,Active,Private limited company,,03/01/2022,43341,15 The Crescent Beckenham BR3 1DU
HEARTLANDS KENNELS LTD,13825271,Active,Private limited company,,03/01/2022,1490,172 Wharf Lane Solihull B91 2UN
EASTSIDE TRADE LTD,13825270,Active,Private limited company,,03/01/2022,47910,14 Hartley Road Harrogate HG2 9DQ
MULTIBUILD CONSTRUCTION LTD,13825267,Active,Private limited company,,03/01/2022,41201 41202 42110 43290,25 Shakespeare Road Fleetwood FY7 7HQ
GENTHING LTD,13825264,Active,Private limited company,,03/01/2022,47990,25 Holmsdale Road Coventry CV6 5BL
DONNA JEWELLERY LIMITED,13825273,Active,Private limited company,,03/01/2022,32120,2 Sydney Road London SE2 9RX
PARKER AND SONS HAULAGE LIMITED,13825275,Active,Private limited company,,03/01/2022,49410,11 Rose Walk Wisbech PE13 1SG
TARQUIN SKYE HOLDINGS LIMITED,13825286,Active,Private limited company,,03/01/2022,41202,4 Woodchester Court North Hykeham Lincoln LN6 9LN
C-CULTURE CONSULTING LTD,13825285,Active,Private limited company,,03/01/2022,70229,1 Gardenia Road Enfield EN1 2JA
KERALA FLIGHT LTD,13825296,Active,Private limited company,,03/01/2022,79110,21 Lethbridge Road Exeter EX2 5LB
PERFECT60 LTD,13825298,Active,Private limited company,,03/01/2022,56103,60 Manham Hill Eastfield Scarborough YO11 3DG
OMEGA GLASS RECYCLING LIMITED,13825316,Active,Private limited company,,03/01/2022,38210,65 Pienna Apartments 2 Elvin Gardens Wembley HA9 0GN
THE DOWNTOWN DESI LTD,13825315,Active,Private limited company,,03/01/2022,47910,25 Brook Street Gloucester GL1 4UP
PARABOLIC VIEW LIMITED,13825311,Active,Private limited company,,03/01/2022,43290 70229,241b Hither Green Lane London SE13 6TH
SECURE TRANSPORT SERVICES LIMITED,13825317,Active,Private limited company,,03/01/2022,80100,9 Ribblesdale Court Gisburn Clitheroe BB7 4HB
NNEDINMA LTD,13825330,Active,Private limited company,,03/01/2022,86900,375 High Road London N22 8JA
NEW PLAN CONSTRUCTION LTD,13825329,Active,Private limited company,,03/01/2022,41202,85 Lockside Marina Chelmsford CM2 6HF
HOW TO LANDLORD LTD,13825332,Active,Private limited company,,03/01/2022,68209,29 Victoria Road Chester CH2 2AX
OOT & ABOOT CARE SERVICES LTD,13825351,Active,Private limited company,,03/01/2022,86900,69 Ladysmith Road Plymouth PL4 7NN
SMC SALES LIMITED,13825356,Active,Private limited company,,03/01/2022,47910,21 Holyoake Street Enderby Leicester LE19 4NS
BEAUFORT LAND LIMITED,13825358,Active,Private limited company,,03/01/2022,68320,8 Toulston View Wetherby Road Newton Kyme Tadcaster LS24 9LT
EVALECTRIC LTD,13825371,Active,Private limited company,,03/01/2022,43210,105 London Road Maidstone ME16 0HF
KCH BUILDING LIMITED,13825376,Active,Private limited company,,03/01/2022,41100,49 Shaftsbury Avenue Woodlands Doncaster DN6 7TH
RM RENO LIMITED,13825383,Active,Private limited company,,03/01/2022,43341 98000,84 Thornhill Rise Portslade Brighton BN41 2YL
EFPIE LTD,13825385,Active,Private limited company,,03/01/2022,43220,Norton Cottage Hadleigh Road Holton St. Mary Colchester CO7 6NL
DONEIL LTD,13825380,Active,Private limited company,,03/01/2022,70229,Albert Cottage Darby Green Road Blackwater Camberley GU17 0EA
ARROWHEAD MARKETING LTD,13825382,Active,Private limited company,,03/01/2022,73110,270 Austin Crescent Plymouth PL6 5QT
REBEL AND WILD LTD,13825390,Active,Private limited company,,03/01/2022,47910,10 Goldcrest Close Manchester M22 4WU
BESPOKE AVIATION LTD,13825389,Active,Private limited company,,03/01/2022,33160,11 Cundy Road London E16 3DJ
5G MEDICS LTD,13825388,Active,Private limited company,,03/01/2022,86900,12 Dryvers Close Little Canfield Dunmow CM6 1FD
PLANETEGAME LTD,13831384,Active,Private limited company,,06/01/2022,47910,71-75 Shelton Street Covent Garden London WC2H 9JQ
LRSP BORROWER SPV PLC,13831383,Active,Public limited company,,06/01/2022,64999,1 Bartholomew Lane London EC2N 2AX
PHOW'S KITCHEN LIMITED,13831410,Active,Private limited company,,06/01/2022,56103 56210 56290,8 Prospect Hill Rawtenstall Rossendale BB4 8JP
CW WOOD WHARF E3/4 DEVELOPMENT COMPANY LIMITED,13831404,Active,Private limited company,,06/01/2022,41100,30th Floor One Canada Square Canary Wharf London E14 5AB
MIRDIF ASSOCIATES LTD,13831407,Active,Private limited company,,06/01/2022,70229,"2 Court Mews 268 London Road, Charlton Kings Cheltenham GL52 6HS"
OPTIMUM CLEANING LIMITED,13831406,Active,Private limited company,,06/01/2022,81299,Suite 17 Pembroke Centre Cheney Manor Industrial Estate Swindon SN2 2PQ
ORBITAL EVOLUTION LIMITED,13831403,Active,Private limited company,,06/01/2022,62012,The Oakley Kidderminster Road Droitwich WR9 9AY
LONDON KEBAB FOOD LTD,13831448,Active,Private limited company,,06/01/2022,56103,52 Manchester Road Swindon SN1 2AG
WINTECH RESOURCES LIMITED,13831455,Active,Private limited company,,06/01/2022,42990,Quartz House Pendeford Business Park Wolverhampton WV9 5HA
CONCEPT FM LIMITED,13831531,Active,Private limited company,,06/01/2022,99999,Metro House 57 Pepper Road Leeds LS10 2RU
CARBONSCALE UK LIMITED,13831540,Active,Private limited company,,06/01/2022,09100 71122 72190 74909,85 Lovelace Drive Woking GU22 8SB
JIKORA LIMITED,13831538,Active,Private limited company,,06/01/2022,62090,211 Great Cambridge Road Enfield EN1 1SQ
XKW CONSULTING LTD,13831537,Active,Private limited company,,06/01/2022,70229,61 Bridge Street Kington HR5 3DJ
THE PRESTIGE CARE GROUP LTD,13831521,Active,Private limited company,,06/01/2022,86102 86900 87100 87300,71-75 Shelton Street Covent Garden London WC2H 9JQ
METULAS SUPPLEMENTS LTD,13831529,Active,Private limited company,,06/01/2022,86900,Jane Fereday Ltd Nursery Cottage Beckley Christchurch BH23 7ED
GRANITE CONSULTANCY LIMITED,13831523,Active,Private limited company,,06/01/2022,64999 96090,71-75 Shelton Street Covent Garden London WC2H 9JQ
TAX SAVING EXPERT LTD,13831520,Active,Private limited company,,06/01/2022,69203,11 Beach Road South Shields NE33 2QA
SABRI SOLUTIONS LIMITED,13831534,Active,Private limited company,,06/01/2022,78109 78200,Suite 51 5 Liberty Square Kings Hill West Malling ME19 4AU
PENNY TO MILLION LTD,13831705,Active,Private limited company,,06/01/2022,46360 46370,20 Windsor Street Manchester M18 7BU
BW FLOOR & WALL TILING SERVICE LTD,13831686,Active,Private limited company,,06/01/2022,43330,24a Sydenham Road London SE26 5QW
NSK TRANSPORT SERVICES LIMITED,13831682,Active,Private limited company,,06/01/2022,49410,"Office No 4, Grove House Grove Terrace Walsall WS1 2NE"
ENTERPRISE HILL STREET LIMITED,13831688,Active,Private limited company,,06/01/2022,56301,Nakira Bar 74-86 John Bright Street Birmingham B1 1BN
MOVE IT EASY REMOVALS LIMITED,13831697,Active,Private limited company,,06/01/2022,49420,2 Newtons Hill Cottages Newtons Hill Hartfield TN7 4DH
BLUEBOX BUILD LTD,13831696,Active,Private limited company,,06/01/2022,41100,3 Cornfield Close Spalding PE11 3DB
LAMSTONE LTD,13831698,Active,Private limited company,,06/01/2022,56101,"1st Floor, 6-7 Clock Park Shripney Road Bognor Regis PO22 9NH"
PEPWORTH CONSTRUCTION LTD,13831862,Active,Private limited company,,06/01/2022,41100 41201 41202,10 North View Avenue Bideford EX39 3LH
EPIK DESSERTS LTD,13831865,Active,Private limited company,,06/01/2022,56290,112 High Street Ponders End Enfield EN3 4ES
AKL TELECOMS LIMITED,13831857,Active,Private limited company,,06/01/2022,71129,103 August Road Liverpool L6 4DE
NEXT TUYERE LIMITED,13831868,Active,Private limited company,,06/01/2022,99999,291 Brighton Road South Croydon CR2 6EQ
VANGUARD EXPLORER LTD,13831884,Active,Private limited company,,06/01/2022,8990,133 Viglen House Alperton Lane London HA0 1HD
SECRETS & FRIES LTD,13831979,Active,Private limited company,,06/01/2022,56103,10 Castle Way Ridgewood Uckfield TN22 5UW
112/112A MAYFAIR AVENUE RTM COMPANY LIMITED,13831984,Active,Private limited by guarantee without share capital,,06/01/2022,98000,83 Marine Avenue Hove BN3 4LG
LORRETADAMS LTD,13831983,Active,Private limited company,,06/01/2022,96020,76 Stockton Road London N18 2AY
UNREALSOFT LTD,13831988,Active,Private limited company,,06/01/2022,62020 62090,126 Henleaze Road Bristol BS9 4LB
MESE SOFTWARE LTD,13832072,Active,Private limited company,,06/01/2022,62012 62020 62090,63b Jerningham Road London SE14 5NH
PRESTIGE FREIGHT LIMITED,13832071,Active,Private limited company,,06/01/2022,99999,Metro House 57 Pepper Road Leeds LS10 2RU
QUALMS LTD,13832065,Active,Private limited company,,06/01/2022,62090,5 Earl Richards Road North Exeter EX2 6AQ
ICARE SUPPORTED LIVING LIMITED,13832063,Active,Private limited company,,06/01/2022,87200,51 Oxlease Witney OX28 3QY
BURDACH ROSEN J LTD,13832135,Active,Private limited company,,06/01/2022,47910,Suite 419 162 Warwick Way London SW1V 4JE
IN4PRINT LIMITED,13832138,Active,Private limited company,,06/01/2022,18129,"Midway House Staverton Technology Park, Herrick Way Staverton Cheltenham GL51 6TQ"
SPITALFIELDS HOUSE LIMITED,13832134,Active,Private limited company,,06/01/2022,47791,Manor House 35 St Thomas's Road Chorley PR7 1HP
CSMB LTD,13832140,Active,Private limited company,,06/01/2022,46160 47650,20-22 Wenlock Road London N1 7GU
CANDY SKIN LTD,13832133,Active,Private limited company,,06/01/2022,17220,16 Dolphin Street Manchester M12 6BG
MADHURIYA COMMUNITY INTEREST COMPANY,13832218,Active,Private limited by guarantee without share capital,,06/01/2022,90010 90020 90030,49 Kings Avenue London N10 1PA
HOS BUY & TRADE LTD,13832212,Active,Private limited company,,06/01/2022,47990,Datum House Electra Way Crewe CW1 6ZF
CALDISTON BUILDING SAFETY SERVICES LTD,13832573,Active,Private limited company,,06/01/2022,70229,63 Hawthorn Lane Wilmslow SK9 5DQ
CB CHOICE INVESTMENT LTD,13832556,Active,Private limited company,,06/01/2022,64999,29 Aldred Street Failsworth Manchester M35 0AQ
PEARL GLAZING LIMITED,13832560,Active,Private limited company,,06/01/2022,43342,52 Dormers Avenue Southall UB1 2SS
VERTEX INTERIORS LTD,13832557,Active,Private limited company,,06/01/2022,43290,20 Kirkgate Sherburn In Elmet Leeds LS25 6BL
WARMER HOMES (SCOTLAND) LTD,SC719024,Active,Private limited company,,06/01/2022,96090,272 Bath Street Glasgow G2 4JR
VIXEN UNDERGROUND LTD,13832572,Active,Private limited company,,06/01/2022,47820,Flat 10 Elizabeth Court 10 London Road Cosham Portsmouth PO6 3EL
JULESANT LTD,13832569,Active,Private limited company,,06/01/2022,70229 71122 71129 74902,71-75 Shelton Street Covent Garden London WC2H 9JQ
SEBASTIAN AND FAWN PSYCHOLOGY LTD,13832554,Active,Private limited company,,06/01/2022,86900,243 Eggbuckland Road Plymouth PL3 6QE
BLUESKIES CARE LTD,13832631,Active,Private limited company,,06/01/2022,86900 88100 88990,"Dina Elbarbary 10 Ivernia Avenue, Brooklands Milton Keynes Milton Keynes MK10 7HR"
BESTONE GROUP LTD,13832622,Active,Private limited company,,06/01/2022,22230 24540 46150 93130,291 Brighton Road South Croydon CR2 6EQ
MORGAN NICHOL LTD,13832627,Active,Private limited company,,06/01/2022,1430,28 Moreton Lane Bishopstone Aylesbury HP17 8SQ
SYNGAS EUROPE HOLDING LTD,13832628,Active,Private limited company,,06/01/2022,72190,10 Leyborne Park Richmond TW9 3HA
ACD WORKWEAR LTD,13832626,Active,Private limited company,,06/01/2022,46420,3 The Lychgate Burbage Hinckley LE10 2ER
MILESTONE MEDIA LIMITED,13832641,Active,Private limited company,,06/01/2022,59112,Indaba Denham Avenue Denham Uxbridge UB9 5ER
GEE STUDIOS LIMITED,13832637,Active,Private limited company,,06/01/2022,59200,30 Kipling Way Borehamwood WD6 2FS
C1 CONSTRUCTION CONTRACTERS LTD,13832640,Active,Private limited company,,06/01/2022,43999,10 Lucksfield Way Chelmsford CM2 8HW
MED STREET FOOD LIMITED,13832625,Active,Private limited company,,06/01/2022,56103,35 Sandygate Road Sheffield S10 5NG
STUDIO SULIS LIMITED,13832693,Active,Private limited company,,06/01/2022,74100,1 Edgar Buildings George Street Bath BA1 2DU
OBJECTS OF STRANGE DESIRE LTD,13832687,Active,Private limited company,,06/01/2022,31090,Unit 81 Claydon Business Park Great Blakenham Ipswich IP6 0NL
DUBH ARTACH HOLDINGS LIMITED,SC719029,Active,Private limited company,,06/01/2022,64209,61 Dublin Street Edinburgh EH3 6NL
HARMONY PRINT SOLUTIONS LTD,13832761,Active,Private limited company,,06/01/2022,18129,"Suite A, 82 James Carter Road Mildenhall Bury St Edmunds IP28 7DE"
PICKERING OHRWALL INVESTMENTS LIMITED,13832792,Active,Private limited company,,06/01/2022,68209,Pickering Stephenson Road Clacton-On-Sea CO15 4NL
FOREST FRIENDS LTD,13832795,Active,Private limited company,,06/01/2022,85590,"Unit G01, Ground Floor Metroline House 118-122 College Road Harrow HA1 1BQ"
FLAAZ LTD,13832845,Active,Private limited company,,06/01/2022,47910,"Unit 17, Trafalgar Business Park Broughton Lane Manchester M8 9TZ"
MT ADDS LTD,13832846,Active,Private limited company,,06/01/2022,73110,91 Aldridge Avenue Enfield EN3 6JA
RENEWSELL LTD,13832853,Active,Private limited company,,06/01/2022,82200,20 Ruscoe Road London E16 1JB
HIGH CASTLE HPG LTD,13832850,Active,Private limited company,,06/01/2022,71129,50 Leywood Close Braintree CM7 3NP
EJX ENTERTAINMENT LTD,13832842,Active,Private limited company,,06/01/2022,93290,20 Neswick Street Plymouth PL1 5JJ
MARDEN INVESTMENTS LIMITED,13832953,Active,Private limited company,,06/01/2022,64209,New Burlington House 1075 Finchley Road London NW11 0PU
OXYGEN COIN LIMITED,13832948,Active,Private limited company,,06/01/2022,82990,The Profile West 950 Great West Road Brentford TW8 9ES
EMERALD FUTURE LIMITED,13833000,Active,Private limited company,,06/01/2022,74901,The Old Barn Prestwick Whins Farm Prestwick Newcastle Upon Tyne NE20 9UD
PAUL GUMBLEY INVESTMENTS LIMITED,13833002,Active,Private limited company,,06/01/2022,70229,9a Trumpington Road Cambridge CB2 8AJ
L WALKER CARPENTRY LIMITED,13833005,Active,Private limited company,,06/01/2022,16230,Loughborough Technology Centre Unit 29 Epinal Way Loughborough LE11 3GE
AIRDANCE EXCHANGE LTD,13833004,Active,Private limited company,,06/01/2022,96090,5 Kew Road Richmond TW9 2PR
ALL LEISURE BOATING LTD,13833061,Active,Private limited company,,06/01/2022,77341,Unit 9 Pearl House Anson Court Staffordshire Technology Park Stafford ST18 0GB
BULLTECH BELTING LTD,13833057,Active,Private limited company,,06/01/2022,33120,18 Station Road Derby DE65 5EL
CHROME PROPERTY MANAGEMENT LTD,13833060,Active,Private limited company,,06/01/2022,68100 68209,20-22 Wenlock Road London N1 7GU
JDSCAFE LTD,13833063,Active,Private limited company,,06/01/2022,56102,7 Woodcock Street Wakefield WF1 5NQ
TBL CONTRACTORS LTD,13833099,Active,Private limited company,,06/01/2022,43390 43999,44 Broadway London E15 1XH
RJF MEDIA SERVICES LTD,13833100,Active,Private limited company,,06/01/2022,43390,89 Heathcroft Avenue Sunbury-On-Thames TW16 7SR
PROCESS PROGRESS LIMITED,13833095,Active,Private limited company,,06/01/2022,71121,1 Cherwell Court Broom Park Teddington TW11 9RT
KNIGHT MORTGAGE SOLUTIONS LTD,13833098,Active,Private limited company,,06/01/2022,99999,1 Repton House Repton Close Basildon SS13 1LJ
YOYO COURIERS LTD,13833094,Active,Private limited company,,06/01/2022,52290,9 Cub Close Bugbrooke Northampton NN7 3GA
STORR ENTERPRISES LIMITED,SC719061,Active,Private limited company,,06/01/2022,56101,"Unit 2 C/O The Newport Bakery Noble Road, West Gourdie Estate Dundee DD2 4UH"
EJMORGAN LIMITED,13833155,Active,Private limited company,,06/01/2022,84120,30 Oliver Jones Crescent Tredegar NP22 3BJ
GREEN RECYCLE AGGREGATES LIMITED,13833157,Active,Private limited company,,06/01/2022,46130,19 John Simpson Crescent Winterley Sandbach CW11 4AZ
SJ ECO CLEAN LTD,13833156,Active,Private limited company,,06/01/2022,81210,1 Tree Farm Barns Neds Lane Stalmine Poulton-Le-Fylde FY6 0JL
EASTMARK PROPERTY LTD,13833161,Active,Private limited company,,06/01/2022,68209,58 Willingale Road Loughton IG10 2DB
A STAR BOUJEE NAILS & BEAUTY LTD,13833192,Active,Private limited company,,06/01/2022,96020,14 Oldham Street Manchester M1 1JQ
BEST PRODUCTS SERVICE LIMITED,13833191,Active,Private limited company,,06/01/2022,47910,Office 912 58 Peregrine Road Ilford IG6 3SZ
YEDIAYLI LIMITED,13833193,Active,Private limited company,,06/01/2022,47810,222 Devons Road London E3 3PN
ABEMLS LTD,13833221,Active,Private limited company,,06/01/2022,96090,25 The Crescent Croydon CR0 2HN
KATALIN ORSOS SERVICES LIMITED,13833237,Active,Private limited company,,06/01/2022,81210,137 Rosemead Drive Oadby Leicester LE2 5PP
HIB CARS LIMITED,NI684801,Active,Private limited company,,06/01/2022,45112,59b Loughbeg Road Toomebridge Antrim BT41 3TP
CRAVING FOOD LTD,13833271,Active,Private limited company,,06/01/2022,56103,242a Spring Road Birmingham B11 3DW
SCHETIGER LTD,13833267,Active,Private limited company,,06/01/2022,68209,57 Jackmans Place Letchworth Garden City SG6 1RE
SLO-GOCOOK LTD,13833266,Active,Private limited company,,06/01/2022,10850,53 Denaby Avenue Conisbrough Doncaster DN12 3NP
TALENT FINANCIAL SERVICES LIMITED,13833322,Active,Private limited company,,06/01/2022,64999,20 Fosse Close Borrowash Derby DE72 3NN
NASDORSTORES LTD,13831801,Active,Private limited company,,06/01/2022,47910,20 Luffield Road London SE2 9JL
LIVING-LIFECLUB LTD,13831773,Active,Private limited company,,06/01/2022,86900,31 Penny Brookes Street London E15 1GP
DIXIT FOOD & WINE LTD,13831775,Active,Private limited company,,06/01/2022,47110,260 - 262 Rosendale Road Norwood SE24 9DL
SILICON HOMES LTD,13831774,Active,Private limited company,,06/01/2022,68209,20-22 Wenlock Road London N1 7GU
TECHTASTIK LTD,13831787,Active,Private limited company,,06/01/2022,47429,86-90 Paul Street London EC2A 4NE
PASHA TURKISH CUISINE LTD,13831782,Active,Private limited company,,06/01/2022,56101,24 Old Square Shopping Center Freed St Walsall WS1 1PY
CHAPTER JURA BID LIMITED PARTNERSHIP,LP022310,Active,Limited partnership,,06/01/2022, ,15 Finsbury Circus House Finsbury Circus London EC2M 7EB
DS BOTIQUE LTD,13831781,Active,Private limited company,,06/01/2022,14110 31010 46420,3 Lucas Road Great Yarmouth NR31 0FD
RAINSCRUBS LTD,13831791,Active,Private limited company,,06/01/2022,86101,"Flat 21, Maplefield Biggerstaff Street London N4 3FH"
COACHED BY RORY LTD,13831780,Active,Private limited company,,06/01/2022,93199,152a Hammersmith Grove London W6 7HE
GLOS SERVICES LTD,13831778,Active,Private limited company,,06/01/2022,96090,19 Boughton Way Gloucester GL4 4PG
AJPARK LTD,SC718996,Active,Private limited company,,06/01/2022,56102,Flat 2 2 Old Glasgow Road Uddingston G71 7HF
